<annotation>
	<folder>fish</folder>
	<filename>fish_18.jpg</filename>
	<path>D:\ddesktop\pactera\my_projects\table_OBJ\fish_data\fish\fish_18.jpg</path>
	<source>
		<database>Unknown</database>
	</source>
	<size>
		<width>500</width>
		<height>500</height>
		<depth>3</depth>
	</size>
	<segmented>0</segmented>
	<object>
		<name>fry</name>
		<pose>Unspecified</pose>
		<truncated>0</truncated>
		<difficult>0</difficult>
		<bndbox>
			<xmin>298</xmin>
			<ymin>2</ymin>
			<xmax>372</xmax>
			<ymax>89</ymax>
		</bndbox>
	</object>
	<object>
		<name>fry</name>
		<pose>Unspecified</pose>
		<truncated>0</truncated>
		<difficult>0</difficult>
		<bndbox>
			<xmin>207</xmin>
			<ymin>20</ymin>
			<xmax>327</xmax>
			<ymax>71</ymax>
		</bndbox>
	</object>
	<object>
		<name>fry</name>
		<pose>Unspecified</pose>
		<truncated>0</truncated>
		<difficult>0</difficult>
		<bndbox>
			<xmin>34</xmin>
			<ymin>155</ymin>
			<xmax>70</xmax>
			<ymax>209</ymax>
		</bndbox>
	</object>
	<object>
		<name>fry</name>
		<pose>Unspecified</pose>
		<truncated>0</truncated>
		<difficult>0</difficult>
		<bndbox>
			<xmin>46</xmin>
			<ymin>76</ymin>
			<xmax>154</xmax>
			<ymax>155</ymax>
		</bndbox>
	</object>
	<object>
		<name>fry</name>
		<pose>Unspecified</pose>
		<truncated>0</truncated>
		<difficult>0</difficult>
		<bndbox>
			<xmin>226</xmin>
			<ymin>115</ymin>
			<xmax>272</xmax>
			<ymax>215</ymax>
		</bndbox>
	</object>
	<object>
		<name>fry</name>
		<pose>Unspecified</pose>
		<truncated>0</truncated>
		<difficult>0</difficult>
		<bndbox>
			<xmin>267</xmin>
			<ymin>98</ymin>
			<xmax>381</xmax>
			<ymax>135</ymax>
		</bndbox>
	</object>
	<object>
		<name>fry</name>
		<pose>Unspecified</pose>
		<truncated>0</truncated>
		<difficult>0</difficult>
		<bndbox>
			<xmin>79</xmin>
			<ymin>194</ymin>
			<xmax>158</xmax>
			<ymax>307</ymax>
		</bndbox>
	</object>
	<object>
		<name>fry</name>
		<pose>Unspecified</pose>
		<truncated>0</truncated>
		<difficult>0</difficult>
		<bndbox>
			<xmin>158</xmin>
			<ymin>207</ymin>
			<xmax>206</xmax>
			<ymax>332</ymax>
		</bndbox>
	</object>
	<object>
		<name>fry</name>
		<pose>Unspecified</pose>
		<truncated>0</truncated>
		<difficult>0</difficult>
		<bndbox>
			<xmin>31</xmin>
			<ymin>259</ymin>
			<xmax>119</xmax>
			<ymax>344</ymax>
		</bndbox>
	</object>
	<object>
		<name>fry</name>
		<pose>Unspecified</pose>
		<truncated>0</truncated>
		<difficult>0</difficult>
		<bndbox>
			<xmin>231</xmin>
			<ymin>306</ymin>
			<xmax>328</xmax>
			<ymax>381</ymax>
		</bndbox>
	</object>
	<object>
		<name>fry</name>
		<pose>Unspecified</pose>
		<truncated>0</truncated>
		<difficult>0</difficult>
		<bndbox>
			<xmin>96</xmin>
			<ymin>354</ymin>
			<xmax>195</xmax>
			<ymax>411</ymax>
		</bndbox>
	</object>
	<object>
		<name>fry</name>
		<pose>Unspecified</pose>
		<truncated>0</truncated>
		<difficult>0</difficult>
		<bndbox>
			<xmin>209</xmin>
			<ymin>367</ymin>
			<xmax>327</xmax>
			<ymax>409</ymax>
		</bndbox>
	</object>
	<object>
		<name>fry</name>
		<pose>Unspecified</pose>
		<truncated>0</truncated>
		<difficult>0</difficult>
		<bndbox>
			<xmin>334</xmin>
			<ymin>153</ymin>
			<xmax>458</xmax>
			<ymax>201</ymax>
		</bndbox>
	</object>
	<object>
		<name>fry</name>
		<pose>Unspecified</pose>
		<truncated>0</truncated>
		<difficult>0</difficult>
		<bndbox>
			<xmin>316</xmin>
			<ymin>201</ymin>
			<xmax>455</xmax>
			<ymax>262</ymax>
		</bndbox>
	</object>
	<object>
		<name>fry</name>
		<pose>Unspecified</pose>
		<truncated>0</truncated>
		<difficult>0</difficult>
		<bndbox>
			<xmin>286</xmin>
			<ymin>267</ymin>
			<xmax>412</xmax>
			<ymax>308</ymax>
		</bndbox>
	</object>
</annotation>
