<annotation>
	<folder>fish</folder>
	<filename>fish_8.jpg</filename>
	<path>D:\ddesktop\pactera\my_projects\table_OBJ\fish_data\fish\fish_8.jpg</path>
	<source>
		<database>Unknown</database>
	</source>
	<size>
		<width>398</width>
		<height>398</height>
		<depth>3</depth>
	</size>
	<segmented>0</segmented>
	<object>
		<name>fry</name>
		<pose>Unspecified</pose>
		<truncated>0</truncated>
		<difficult>0</difficult>
		<bndbox>
			<xmin>108</xmin>
			<ymin>187</ymin>
			<xmax>335</xmax>
			<ymax>257</ymax>
		</bndbox>
	</object>
</annotation>
