<annotation>
	<folder>fish</folder>
	<filename>fish_53.jpg</filename>
	<path>D:\ddesktop\pactera\my_projects\table_OBJ\fish_data\fish\fish_53.jpg</path>
	<source>
		<database>Unknown</database>
	</source>
	<size>
		<width>500</width>
		<height>411</height>
		<depth>3</depth>
	</size>
	<segmented>0</segmented>
	<object>
		<name>fry</name>
		<pose>Unspecified</pose>
		<truncated>0</truncated>
		<difficult>0</difficult>
		<bndbox>
			<xmin>63</xmin>
			<ymin>29</ymin>
			<xmax>149</xmax>
			<ymax>135</ymax>
		</bndbox>
	</object>
	<object>
		<name>fry</name>
		<pose>Unspecified</pose>
		<truncated>0</truncated>
		<difficult>0</difficult>
		<bndbox>
			<xmin>177</xmin>
			<ymin>58</ymin>
			<xmax>313</xmax>
			<ymax>124</ymax>
		</bndbox>
	</object>
	<object>
		<name>fry</name>
		<pose>Unspecified</pose>
		<truncated>0</truncated>
		<difficult>0</difficult>
		<bndbox>
			<xmin>313</xmin>
			<ymin>89</ymin>
			<xmax>424</xmax>
			<ymax>156</ymax>
		</bndbox>
	</object>
	<object>
		<name>fry</name>
		<pose>Unspecified</pose>
		<truncated>0</truncated>
		<difficult>0</difficult>
		<bndbox>
			<xmin>59</xmin>
			<ymin>162</ymin>
			<xmax>148</xmax>
			<ymax>303</ymax>
		</bndbox>
	</object>
	<object>
		<name>fry</name>
		<pose>Unspecified</pose>
		<truncated>0</truncated>
		<difficult>0</difficult>
		<bndbox>
			<xmin>134</xmin>
			<ymin>144</ymin>
			<xmax>191</xmax>
			<ymax>292</ymax>
		</bndbox>
	</object>
	<object>
		<name>fry</name>
		<pose>Unspecified</pose>
		<truncated>0</truncated>
		<difficult>0</difficult>
		<bndbox>
			<xmin>185</xmin>
			<ymin>168</ymin>
			<xmax>235</xmax>
			<ymax>335</ymax>
		</bndbox>
	</object>
	<object>
		<name>fry</name>
		<pose>Unspecified</pose>
		<truncated>0</truncated>
		<difficult>0</difficult>
		<bndbox>
			<xmin>240</xmin>
			<ymin>135</ymin>
			<xmax>399</xmax>
			<ymax>192</ymax>
		</bndbox>
	</object>
	<object>
		<name>fry</name>
		<pose>Unspecified</pose>
		<truncated>0</truncated>
		<difficult>0</difficult>
		<bndbox>
			<xmin>266</xmin>
			<ymin>180</ymin>
			<xmax>404</xmax>
			<ymax>243</ymax>
		</bndbox>
	</object>
	<object>
		<name>fry</name>
		<pose>Unspecified</pose>
		<truncated>1</truncated>
		<difficult>0</difficult>
		<bndbox>
			<xmin>354</xmin>
			<ymin>180</ymin>
			<xmax>500</xmax>
			<ymax>256</ymax>
		</bndbox>
	</object>
	<object>
		<name>fry</name>
		<pose>Unspecified</pose>
		<truncated>0</truncated>
		<difficult>0</difficult>
		<bndbox>
			<xmin>271</xmin>
			<ymin>248</ymin>
			<xmax>458</xmax>
			<ymax>315</ymax>
		</bndbox>
	</object>
	<object>
		<name>fry</name>
		<pose>Unspecified</pose>
		<truncated>0</truncated>
		<difficult>0</difficult>
		<bndbox>
			<xmin>323</xmin>
			<ymin>301</ymin>
			<xmax>465</xmax>
			<ymax>374</ymax>
		</bndbox>
	</object>
	<object>
		<name>fry</name>
		<pose>Unspecified</pose>
		<truncated>1</truncated>
		<difficult>0</difficult>
		<bndbox>
			<xmin>94</xmin>
			<ymin>317</ymin>
			<xmax>219</xmax>
			<ymax>411</ymax>
		</bndbox>
	</object>
	<object>
		<name>fry</name>
		<pose>Unspecified</pose>
		<truncated>0</truncated>
		<difficult>0</difficult>
		<bndbox>
			<xmin>455</xmin>
			<ymin>325</ymin>
			<xmax>498</xmax>
			<ymax>364</ymax>
		</bndbox>
	</object>
</annotation>
