<annotation>
	<folder>fish</folder>
	<filename>fish_4.jpg</filename>
	<path>D:\ddesktop\pactera\my_projects\table_OBJ\fish_data\fish\fish_4.jpg</path>
	<source>
		<database>Unknown</database>
	</source>
	<size>
		<width>480</width>
		<height>480</height>
		<depth>3</depth>
	</size>
	<segmented>0</segmented>
	<object>
		<name>fry</name>
		<pose>Unspecified</pose>
		<truncated>0</truncated>
		<difficult>0</difficult>
		<bndbox>
			<xmin>12</xmin>
			<ymin>39</ymin>
			<xmax>30</xmax>
			<ymax>83</ymax>
		</bndbox>
	</object>
	<object>
		<name>fry</name>
		<pose>Unspecified</pose>
		<truncated>0</truncated>
		<difficult>0</difficult>
		<bndbox>
			<xmin>37</xmin>
			<ymin>40</ymin>
			<xmax>65</xmax>
			<ymax>63</ymax>
		</bndbox>
	</object>
	<object>
		<name>fry</name>
		<pose>Unspecified</pose>
		<truncated>0</truncated>
		<difficult>0</difficult>
		<bndbox>
			<xmin>17</xmin>
			<ymin>58</ymin>
			<xmax>42</xmax>
			<ymax>98</ymax>
		</bndbox>
	</object>
	<object>
		<name>fry</name>
		<pose>Unspecified</pose>
		<truncated>0</truncated>
		<difficult>0</difficult>
		<bndbox>
			<xmin>62</xmin>
			<ymin>41</ymin>
			<xmax>113</xmax>
			<ymax>66</ymax>
		</bndbox>
	</object>
	<object>
		<name>fry</name>
		<pose>Unspecified</pose>
		<truncated>0</truncated>
		<difficult>0</difficult>
		<bndbox>
			<xmin>52</xmin>
			<ymin>67</ymin>
			<xmax>103</xmax>
			<ymax>92</ymax>
		</bndbox>
	</object>
	<object>
		<name>fry</name>
		<pose>Unspecified</pose>
		<truncated>1</truncated>
		<difficult>0</difficult>
		<bndbox>
			<xmin>1</xmin>
			<ymin>110</ymin>
			<xmax>15</xmax>
			<ymax>131</ymax>
		</bndbox>
	</object>
	<object>
		<name>fry</name>
		<pose>Unspecified</pose>
		<truncated>0</truncated>
		<difficult>0</difficult>
		<bndbox>
			<xmin>14</xmin>
			<ymin>121</ymin>
			<xmax>43</xmax>
			<ymax>164</ymax>
		</bndbox>
	</object>
	<object>
		<name>fry</name>
		<pose>Unspecified</pose>
		<truncated>1</truncated>
		<difficult>0</difficult>
		<bndbox>
			<xmin>1</xmin>
			<ymin>152</ymin>
			<xmax>11</xmax>
			<ymax>172</ymax>
		</bndbox>
	</object>
	<object>
		<name>fry</name>
		<pose>Unspecified</pose>
		<truncated>0</truncated>
		<difficult>0</difficult>
		<bndbox>
			<xmin>87</xmin>
			<ymin>73</ymin>
			<xmax>123</xmax>
			<ymax>123</ymax>
		</bndbox>
	</object>
	<object>
		<name>fry</name>
		<pose>Unspecified</pose>
		<truncated>0</truncated>
		<difficult>0</difficult>
		<bndbox>
			<xmin>37</xmin>
			<ymin>87</ymin>
			<xmax>57</xmax>
			<ymax>135</ymax>
		</bndbox>
	</object>
	<object>
		<name>fry</name>
		<pose>Unspecified</pose>
		<truncated>0</truncated>
		<difficult>0</difficult>
		<bndbox>
			<xmin>53</xmin>
			<ymin>94</ymin>
			<xmax>69</xmax>
			<ymax>116</ymax>
		</bndbox>
	</object>
	<object>
		<name>fry</name>
		<pose>Unspecified</pose>
		<truncated>0</truncated>
		<difficult>0</difficult>
		<bndbox>
			<xmin>153</xmin>
			<ymin>52</ymin>
			<xmax>218</xmax>
			<ymax>69</ymax>
		</bndbox>
	</object>
	<object>
		<name>fry</name>
		<pose>Unspecified</pose>
		<truncated>0</truncated>
		<difficult>0</difficult>
		<bndbox>
			<xmin>143</xmin>
			<ymin>42</ymin>
			<xmax>184</xmax>
			<ymax>60</ymax>
		</bndbox>
	</object>
	<object>
		<name>fry</name>
		<pose>Unspecified</pose>
		<truncated>0</truncated>
		<difficult>0</difficult>
		<bndbox>
			<xmin>141</xmin>
			<ymin>66</ymin>
			<xmax>189</xmax>
			<ymax>92</ymax>
		</bndbox>
	</object>
	<object>
		<name>fry</name>
		<pose>Unspecified</pose>
		<truncated>0</truncated>
		<difficult>0</difficult>
		<bndbox>
			<xmin>254</xmin>
			<ymin>41</ymin>
			<xmax>310</xmax>
			<ymax>55</ymax>
		</bndbox>
	</object>
	<object>
		<name>fry</name>
		<pose>Unspecified</pose>
		<truncated>0</truncated>
		<difficult>0</difficult>
		<bndbox>
			<xmin>219</xmin>
			<ymin>55</ymin>
			<xmax>271</xmax>
			<ymax>74</ymax>
		</bndbox>
	</object>
	<object>
		<name>fry</name>
		<pose>Unspecified</pose>
		<truncated>0</truncated>
		<difficult>0</difficult>
		<bndbox>
			<xmin>267</xmin>
			<ymin>58</ymin>
			<xmax>333</xmax>
			<ymax>80</ymax>
		</bndbox>
	</object>
	<object>
		<name>fry</name>
		<pose>Unspecified</pose>
		<truncated>0</truncated>
		<difficult>0</difficult>
		<bndbox>
			<xmin>346</xmin>
			<ymin>67</ymin>
			<xmax>412</xmax>
			<ymax>86</ymax>
		</bndbox>
	</object>
	<object>
		<name>fry</name>
		<pose>Unspecified</pose>
		<truncated>0</truncated>
		<difficult>0</difficult>
		<bndbox>
			<xmin>384</xmin>
			<ymin>53</ymin>
			<xmax>401</xmax>
			<ymax>73</ymax>
		</bndbox>
	</object>
	<object>
		<name>fry</name>
		<pose>Unspecified</pose>
		<truncated>0</truncated>
		<difficult>0</difficult>
		<bndbox>
			<xmin>407</xmin>
			<ymin>69</ymin>
			<xmax>436</xmax>
			<ymax>86</ymax>
		</bndbox>
	</object>
	<object>
		<name>fry</name>
		<pose>Unspecified</pose>
		<truncated>1</truncated>
		<difficult>0</difficult>
		<bndbox>
			<xmin>462</xmin>
			<ymin>41</ymin>
			<xmax>480</xmax>
			<ymax>58</ymax>
		</bndbox>
	</object>
	<object>
		<name>fry</name>
		<pose>Unspecified</pose>
		<truncated>1</truncated>
		<difficult>0</difficult>
		<bndbox>
			<xmin>439</xmin>
			<ymin>89</ymin>
			<xmax>480</xmax>
			<ymax>109</ymax>
		</bndbox>
	</object>
	<object>
		<name>fry</name>
		<pose>Unspecified</pose>
		<truncated>0</truncated>
		<difficult>0</difficult>
		<bndbox>
			<xmin>141</xmin>
			<ymin>89</ymin>
			<xmax>167</xmax>
			<ymax>107</ymax>
		</bndbox>
	</object>
	<object>
		<name>fry</name>
		<pose>Unspecified</pose>
		<truncated>0</truncated>
		<difficult>0</difficult>
		<bndbox>
			<xmin>127</xmin>
			<ymin>98</ymin>
			<xmax>175</xmax>
			<ymax>130</ymax>
		</bndbox>
	</object>
	<object>
		<name>fry</name>
		<pose>Unspecified</pose>
		<truncated>0</truncated>
		<difficult>0</difficult>
		<bndbox>
			<xmin>109</xmin>
			<ymin>129</ymin>
			<xmax>134</xmax>
			<ymax>165</ymax>
		</bndbox>
	</object>
	<object>
		<name>fry</name>
		<pose>Unspecified</pose>
		<truncated>0</truncated>
		<difficult>0</difficult>
		<bndbox>
			<xmin>130</xmin>
			<ymin>124</ymin>
			<xmax>152</xmax>
			<ymax>169</ymax>
		</bndbox>
	</object>
	<object>
		<name>fry</name>
		<pose>Unspecified</pose>
		<truncated>0</truncated>
		<difficult>0</difficult>
		<bndbox>
			<xmin>187</xmin>
			<ymin>92</ymin>
			<xmax>258</xmax>
			<ymax>109</ymax>
		</bndbox>
	</object>
	<object>
		<name>fry</name>
		<pose>Unspecified</pose>
		<truncated>0</truncated>
		<difficult>0</difficult>
		<bndbox>
			<xmin>260</xmin>
			<ymin>74</ymin>
			<xmax>300</xmax>
			<ymax>100</ymax>
		</bndbox>
	</object>
	<object>
		<name>fry</name>
		<pose>Unspecified</pose>
		<truncated>0</truncated>
		<difficult>0</difficult>
		<bndbox>
			<xmin>224</xmin>
			<ymin>124</ymin>
			<xmax>292</xmax>
			<ymax>146</ymax>
		</bndbox>
	</object>
	<object>
		<name>fry</name>
		<pose>Unspecified</pose>
		<truncated>0</truncated>
		<difficult>0</difficult>
		<bndbox>
			<xmin>172</xmin>
			<ymin>104</ymin>
			<xmax>223</xmax>
			<ymax>128</ymax>
		</bndbox>
	</object>
	<object>
		<name>fry</name>
		<pose>Unspecified</pose>
		<truncated>0</truncated>
		<difficult>0</difficult>
		<bndbox>
			<xmin>165</xmin>
			<ymin>116</ymin>
			<xmax>189</xmax>
			<ymax>175</ymax>
		</bndbox>
	</object>
	<object>
		<name>fry</name>
		<pose>Unspecified</pose>
		<truncated>0</truncated>
		<difficult>0</difficult>
		<bndbox>
			<xmin>93</xmin>
			<ymin>160</ymin>
			<xmax>116</xmax>
			<ymax>197</ymax>
		</bndbox>
	</object>
	<object>
		<name>fry</name>
		<pose>Unspecified</pose>
		<truncated>0</truncated>
		<difficult>0</difficult>
		<bndbox>
			<xmin>23</xmin>
			<ymin>186</ymin>
			<xmax>50</xmax>
			<ymax>228</ymax>
		</bndbox>
	</object>
	<object>
		<name>fry</name>
		<pose>Unspecified</pose>
		<truncated>0</truncated>
		<difficult>0</difficult>
		<bndbox>
			<xmin>44</xmin>
			<ymin>197</ymin>
			<xmax>66</xmax>
			<ymax>235</ymax>
		</bndbox>
	</object>
	<object>
		<name>fry</name>
		<pose>Unspecified</pose>
		<truncated>0</truncated>
		<difficult>0</difficult>
		<bndbox>
			<xmin>90</xmin>
			<ymin>187</ymin>
			<xmax>109</xmax>
			<ymax>219</ymax>
		</bndbox>
	</object>
	<object>
		<name>fry</name>
		<pose>Unspecified</pose>
		<truncated>0</truncated>
		<difficult>0</difficult>
		<bndbox>
			<xmin>106</xmin>
			<ymin>159</ymin>
			<xmax>130</xmax>
			<ymax>189</ymax>
		</bndbox>
	</object>
	<object>
		<name>fry</name>
		<pose>Unspecified</pose>
		<truncated>0</truncated>
		<difficult>0</difficult>
		<bndbox>
			<xmin>128</xmin>
			<ymin>177</ymin>
			<xmax>162</xmax>
			<ymax>195</ymax>
		</bndbox>
	</object>
	<object>
		<name>fry</name>
		<pose>Unspecified</pose>
		<truncated>0</truncated>
		<difficult>0</difficult>
		<bndbox>
			<xmin>159</xmin>
			<ymin>161</ymin>
			<xmax>176</xmax>
			<ymax>207</ymax>
		</bndbox>
	</object>
	<object>
		<name>fry</name>
		<pose>Unspecified</pose>
		<truncated>0</truncated>
		<difficult>0</difficult>
		<bndbox>
			<xmin>183</xmin>
			<ymin>181</ymin>
			<xmax>218</xmax>
			<ymax>208</ymax>
		</bndbox>
	</object>
	<object>
		<name>fry</name>
		<pose>Unspecified</pose>
		<truncated>0</truncated>
		<difficult>0</difficult>
		<bndbox>
			<xmin>251</xmin>
			<ymin>140</ymin>
			<xmax>269</xmax>
			<ymax>179</ymax>
		</bndbox>
	</object>
	<object>
		<name>fry</name>
		<pose>Unspecified</pose>
		<truncated>0</truncated>
		<difficult>0</difficult>
		<bndbox>
			<xmin>225</xmin>
			<ymin>155</ymin>
			<xmax>293</xmax>
			<ymax>172</ymax>
		</bndbox>
	</object>
	<object>
		<name>fry</name>
		<pose>Unspecified</pose>
		<truncated>0</truncated>
		<difficult>0</difficult>
		<bndbox>
			<xmin>323</xmin>
			<ymin>86</ymin>
			<xmax>345</xmax>
			<ymax>120</ymax>
		</bndbox>
	</object>
	<object>
		<name>fry</name>
		<pose>Unspecified</pose>
		<truncated>0</truncated>
		<difficult>0</difficult>
		<bndbox>
			<xmin>310</xmin>
			<ymin>114</ymin>
			<xmax>346</xmax>
			<ymax>147</ymax>
		</bndbox>
	</object>
	<object>
		<name>fry</name>
		<pose>Unspecified</pose>
		<truncated>0</truncated>
		<difficult>0</difficult>
		<bndbox>
			<xmin>331</xmin>
			<ymin>79</ymin>
			<xmax>370</xmax>
			<ymax>111</ymax>
		</bndbox>
	</object>
	<object>
		<name>fry</name>
		<pose>Unspecified</pose>
		<truncated>0</truncated>
		<difficult>0</difficult>
		<bndbox>
			<xmin>376</xmin>
			<ymin>100</ymin>
			<xmax>413</xmax>
			<ymax>126</ymax>
		</bndbox>
	</object>
	<object>
		<name>fry</name>
		<pose>Unspecified</pose>
		<truncated>0</truncated>
		<difficult>0</difficult>
		<bndbox>
			<xmin>419</xmin>
			<ymin>105</ymin>
			<xmax>456</xmax>
			<ymax>126</ymax>
		</bndbox>
	</object>
	<object>
		<name>fry</name>
		<pose>Unspecified</pose>
		<truncated>0</truncated>
		<difficult>0</difficult>
		<bndbox>
			<xmin>368</xmin>
			<ymin>78</ymin>
			<xmax>413</xmax>
			<ymax>98</ymax>
		</bndbox>
	</object>
	<object>
		<name>fry</name>
		<pose>Unspecified</pose>
		<truncated>0</truncated>
		<difficult>0</difficult>
		<bndbox>
			<xmin>22</xmin>
			<ymin>253</ymin>
			<xmax>66</xmax>
			<ymax>297</ymax>
		</bndbox>
	</object>
	<object>
		<name>fry</name>
		<pose>Unspecified</pose>
		<truncated>0</truncated>
		<difficult>0</difficult>
		<bndbox>
			<xmin>317</xmin>
			<ymin>161</ymin>
			<xmax>354</xmax>
			<ymax>206</ymax>
		</bndbox>
	</object>
	<object>
		<name>fry</name>
		<pose>Unspecified</pose>
		<truncated>0</truncated>
		<difficult>0</difficult>
		<bndbox>
			<xmin>353</xmin>
			<ymin>203</ymin>
			<xmax>380</xmax>
			<ymax>243</ymax>
		</bndbox>
	</object>
	<object>
		<name>fry</name>
		<pose>Unspecified</pose>
		<truncated>0</truncated>
		<difficult>0</difficult>
		<bndbox>
			<xmin>404</xmin>
			<ymin>158</ymin>
			<xmax>440</xmax>
			<ymax>183</ymax>
		</bndbox>
	</object>
	<object>
		<name>fry</name>
		<pose>Unspecified</pose>
		<truncated>0</truncated>
		<difficult>0</difficult>
		<bndbox>
			<xmin>350</xmin>
			<ymin>137</ymin>
			<xmax>401</xmax>
			<ymax>171</ymax>
		</bndbox>
	</object>
	<object>
		<name>fry</name>
		<pose>Unspecified</pose>
		<truncated>0</truncated>
		<difficult>0</difficult>
		<bndbox>
			<xmin>364</xmin>
			<ymin>118</ymin>
			<xmax>409</xmax>
			<ymax>143</ymax>
		</bndbox>
	</object>
	<object>
		<name>fry</name>
		<pose>Unspecified</pose>
		<truncated>0</truncated>
		<difficult>0</difficult>
		<bndbox>
			<xmin>387</xmin>
			<ymin>135</ymin>
			<xmax>410</xmax>
			<ymax>152</ymax>
		</bndbox>
	</object>
	<object>
		<name>fry</name>
		<pose>Unspecified</pose>
		<truncated>0</truncated>
		<difficult>0</difficult>
		<bndbox>
			<xmin>404</xmin>
			<ymin>125</ymin>
			<xmax>450</xmax>
			<ymax>147</ymax>
		</bndbox>
	</object>
	<object>
		<name>fry</name>
		<pose>Unspecified</pose>
		<truncated>0</truncated>
		<difficult>0</difficult>
		<bndbox>
			<xmin>430</xmin>
			<ymin>127</ymin>
			<xmax>450</xmax>
			<ymax>159</ymax>
		</bndbox>
	</object>
	<object>
		<name>fry</name>
		<pose>Unspecified</pose>
		<truncated>1</truncated>
		<difficult>0</difficult>
		<bndbox>
			<xmin>452</xmin>
			<ymin>119</ymin>
			<xmax>480</xmax>
			<ymax>137</ymax>
		</bndbox>
	</object>
	<object>
		<name>fry</name>
		<pose>Unspecified</pose>
		<truncated>1</truncated>
		<difficult>0</difficult>
		<bndbox>
			<xmin>455</xmin>
			<ymin>135</ymin>
			<xmax>480</xmax>
			<ymax>155</ymax>
		</bndbox>
	</object>
	<object>
		<name>fry</name>
		<pose>Unspecified</pose>
		<truncated>0</truncated>
		<difficult>0</difficult>
		<bndbox>
			<xmin>453</xmin>
			<ymin>158</ymin>
			<xmax>479</xmax>
			<ymax>175</ymax>
		</bndbox>
	</object>
	<object>
		<name>fry</name>
		<pose>Unspecified</pose>
		<truncated>1</truncated>
		<difficult>0</difficult>
		<bndbox>
			<xmin>455</xmin>
			<ymin>172</ymin>
			<xmax>480</xmax>
			<ymax>195</ymax>
		</bndbox>
	</object>
	<object>
		<name>fry</name>
		<pose>Unspecified</pose>
		<truncated>0</truncated>
		<difficult>0</difficult>
		<bndbox>
			<xmin>436</xmin>
			<ymin>198</ymin>
			<xmax>468</xmax>
			<ymax>241</ymax>
		</bndbox>
	</object>
	<object>
		<name>fry</name>
		<pose>Unspecified</pose>
		<truncated>0</truncated>
		<difficult>0</difficult>
		<bndbox>
			<xmin>388</xmin>
			<ymin>210</ymin>
			<xmax>419</xmax>
			<ymax>259</ymax>
		</bndbox>
	</object>
	<object>
		<name>fry</name>
		<pose>Unspecified</pose>
		<truncated>0</truncated>
		<difficult>0</difficult>
		<bndbox>
			<xmin>422</xmin>
			<ymin>208</ymin>
			<xmax>447</xmax>
			<ymax>235</ymax>
		</bndbox>
	</object>
	<object>
		<name>fry</name>
		<pose>Unspecified</pose>
		<truncated>0</truncated>
		<difficult>0</difficult>
		<bndbox>
			<xmin>429</xmin>
			<ymin>228</ymin>
			<xmax>470</xmax>
			<ymax>267</ymax>
		</bndbox>
	</object>
	<object>
		<name>fry</name>
		<pose>Unspecified</pose>
		<truncated>0</truncated>
		<difficult>0</difficult>
		<bndbox>
			<xmin>247</xmin>
			<ymin>175</ymin>
			<xmax>278</xmax>
			<ymax>209</ymax>
		</bndbox>
	</object>
	<object>
		<name>fry</name>
		<pose>Unspecified</pose>
		<truncated>0</truncated>
		<difficult>0</difficult>
		<bndbox>
			<xmin>280</xmin>
			<ymin>179</ymin>
			<xmax>306</xmax>
			<ymax>207</ymax>
		</bndbox>
	</object>
	<object>
		<name>fry</name>
		<pose>Unspecified</pose>
		<truncated>0</truncated>
		<difficult>0</difficult>
		<bndbox>
			<xmin>273</xmin>
			<ymin>196</ymin>
			<xmax>317</xmax>
			<ymax>226</ymax>
		</bndbox>
	</object>
	<object>
		<name>fry</name>
		<pose>Unspecified</pose>
		<truncated>0</truncated>
		<difficult>0</difficult>
		<bndbox>
			<xmin>246</xmin>
			<ymin>212</ymin>
			<xmax>268</xmax>
			<ymax>238</ymax>
		</bndbox>
	</object>
	<object>
		<name>fry</name>
		<pose>Unspecified</pose>
		<truncated>0</truncated>
		<difficult>0</difficult>
		<bndbox>
			<xmin>257</xmin>
			<ymin>215</ymin>
			<xmax>275</xmax>
			<ymax>263</ymax>
		</bndbox>
	</object>
	<object>
		<name>fry</name>
		<pose>Unspecified</pose>
		<truncated>0</truncated>
		<difficult>0</difficult>
		<bndbox>
			<xmin>300</xmin>
			<ymin>228</ymin>
			<xmax>329</xmax>
			<ymax>247</ymax>
		</bndbox>
	</object>
	<object>
		<name>fry</name>
		<pose>Unspecified</pose>
		<truncated>0</truncated>
		<difficult>0</difficult>
		<bndbox>
			<xmin>313</xmin>
			<ymin>232</ymin>
			<xmax>353</xmax>
			<ymax>253</ymax>
		</bndbox>
	</object>
	<object>
		<name>fry</name>
		<pose>Unspecified</pose>
		<truncated>0</truncated>
		<difficult>0</difficult>
		<bndbox>
			<xmin>335</xmin>
			<ymin>267</ymin>
			<xmax>375</xmax>
			<ymax>301</ymax>
		</bndbox>
	</object>
	<object>
		<name>fry</name>
		<pose>Unspecified</pose>
		<truncated>0</truncated>
		<difficult>0</difficult>
		<bndbox>
			<xmin>324</xmin>
			<ymin>294</ymin>
			<xmax>351</xmax>
			<ymax>327</ymax>
		</bndbox>
	</object>
	<object>
		<name>fry</name>
		<pose>Unspecified</pose>
		<truncated>0</truncated>
		<difficult>0</difficult>
		<bndbox>
			<xmin>253</xmin>
			<ymin>268</ymin>
			<xmax>310</xmax>
			<ymax>308</ymax>
		</bndbox>
	</object>
	<object>
		<name>fry</name>
		<pose>Unspecified</pose>
		<truncated>0</truncated>
		<difficult>0</difficult>
		<bndbox>
			<xmin>205</xmin>
			<ymin>224</ymin>
			<xmax>246</xmax>
			<ymax>247</ymax>
		</bndbox>
	</object>
	<object>
		<name>fry</name>
		<pose>Unspecified</pose>
		<truncated>0</truncated>
		<difficult>0</difficult>
		<bndbox>
			<xmin>182</xmin>
			<ymin>203</ymin>
			<xmax>216</xmax>
			<ymax>237</ymax>
		</bndbox>
	</object>
	<object>
		<name>fry</name>
		<pose>Unspecified</pose>
		<truncated>0</truncated>
		<difficult>0</difficult>
		<bndbox>
			<xmin>94</xmin>
			<ymin>223</ymin>
			<xmax>116</xmax>
			<ymax>259</ymax>
		</bndbox>
	</object>
	<object>
		<name>fry</name>
		<pose>Unspecified</pose>
		<truncated>1</truncated>
		<difficult>0</difficult>
		<bndbox>
			<xmin>1</xmin>
			<ymin>212</ymin>
			<xmax>13</xmax>
			<ymax>246</ymax>
		</bndbox>
	</object>
	<object>
		<name>fry</name>
		<pose>Unspecified</pose>
		<truncated>1</truncated>
		<difficult>0</difficult>
		<bndbox>
			<xmin>1</xmin>
			<ymin>295</ymin>
			<xmax>16</xmax>
			<ymax>338</ymax>
		</bndbox>
	</object>
	<object>
		<name>fry</name>
		<pose>Unspecified</pose>
		<truncated>0</truncated>
		<difficult>0</difficult>
		<bndbox>
			<xmin>399</xmin>
			<ymin>331</ymin>
			<xmax>461</xmax>
			<ymax>355</ymax>
		</bndbox>
	</object>
	<object>
		<name>fry</name>
		<pose>Unspecified</pose>
		<truncated>0</truncated>
		<difficult>0</difficult>
		<bndbox>
			<xmin>132</xmin>
			<ymin>218</ymin>
			<xmax>161</xmax>
			<ymax>275</ymax>
		</bndbox>
	</object>
	<object>
		<name>fry</name>
		<pose>Unspecified</pose>
		<truncated>0</truncated>
		<difficult>0</difficult>
		<bndbox>
			<xmin>72</xmin>
			<ymin>353</ymin>
			<xmax>102</xmax>
			<ymax>392</ymax>
		</bndbox>
	</object>
	<object>
		<name>fry</name>
		<pose>Unspecified</pose>
		<truncated>0</truncated>
		<difficult>0</difficult>
		<bndbox>
			<xmin>90</xmin>
			<ymin>262</ymin>
			<xmax>111</xmax>
			<ymax>300</ymax>
		</bndbox>
	</object>
	<object>
		<name>fry</name>
		<pose>Unspecified</pose>
		<truncated>0</truncated>
		<difficult>0</difficult>
		<bndbox>
			<xmin>112</xmin>
			<ymin>276</ymin>
			<xmax>127</xmax>
			<ymax>313</ymax>
		</bndbox>
	</object>
	<object>
		<name>fry</name>
		<pose>Unspecified</pose>
		<truncated>0</truncated>
		<difficult>0</difficult>
		<bndbox>
			<xmin>212</xmin>
			<ymin>239</ymin>
			<xmax>230</xmax>
			<ymax>283</ymax>
		</bndbox>
	</object>
	<object>
		<name>fry</name>
		<pose>Unspecified</pose>
		<truncated>0</truncated>
		<difficult>0</difficult>
		<bndbox>
			<xmin>260</xmin>
			<ymin>311</ymin>
			<xmax>304</xmax>
			<ymax>343</ymax>
		</bndbox>
	</object>
	<object>
		<name>fry</name>
		<pose>Unspecified</pose>
		<truncated>0</truncated>
		<difficult>0</difficult>
		<bndbox>
			<xmin>305</xmin>
			<ymin>329</ymin>
			<xmax>330</xmax>
			<ymax>357</ymax>
		</bndbox>
	</object>
	<object>
		<name>fry</name>
		<pose>Unspecified</pose>
		<truncated>0</truncated>
		<difficult>0</difficult>
		<bndbox>
			<xmin>318</xmin>
			<ymin>344</ymin>
			<xmax>385</xmax>
			<ymax>362</ymax>
		</bndbox>
	</object>
	<object>
		<name>fry</name>
		<pose>Unspecified</pose>
		<truncated>0</truncated>
		<difficult>0</difficult>
		<bndbox>
			<xmin>373</xmin>
			<ymin>309</ymin>
			<xmax>458</xmax>
			<ymax>329</ymax>
		</bndbox>
	</object>
	<object>
		<name>fry</name>
		<pose>Unspecified</pose>
		<truncated>0</truncated>
		<difficult>0</difficult>
		<bndbox>
			<xmin>384</xmin>
			<ymin>297</ymin>
			<xmax>433</xmax>
			<ymax>314</ymax>
		</bndbox>
	</object>
	<object>
		<name>fry</name>
		<pose>Unspecified</pose>
		<truncated>0</truncated>
		<difficult>0</difficult>
		<bndbox>
			<xmin>367</xmin>
			<ymin>290</ymin>
			<xmax>393</xmax>
			<ymax>307</ymax>
		</bndbox>
	</object>
	<object>
		<name>fry</name>
		<pose>Unspecified</pose>
		<truncated>0</truncated>
		<difficult>0</difficult>
		<bndbox>
			<xmin>373</xmin>
			<ymin>272</ymin>
			<xmax>406</xmax>
			<ymax>291</ymax>
		</bndbox>
	</object>
	<object>
		<name>fry</name>
		<pose>Unspecified</pose>
		<truncated>0</truncated>
		<difficult>0</difficult>
		<bndbox>
			<xmin>390</xmin>
			<ymin>262</ymin>
			<xmax>415</xmax>
			<ymax>273</ymax>
		</bndbox>
	</object>
	<object>
		<name>fry</name>
		<pose>Unspecified</pose>
		<truncated>0</truncated>
		<difficult>0</difficult>
		<bndbox>
			<xmin>398</xmin>
			<ymin>282</ymin>
			<xmax>427</xmax>
			<ymax>295</ymax>
		</bndbox>
	</object>
	<object>
		<name>fry</name>
		<pose>Unspecified</pose>
		<truncated>0</truncated>
		<difficult>0</difficult>
		<bndbox>
			<xmin>363</xmin>
			<ymin>329</ymin>
			<xmax>393</xmax>
			<ymax>344</ymax>
		</bndbox>
	</object>
	<object>
		<name>fry</name>
		<pose>Unspecified</pose>
		<truncated>0</truncated>
		<difficult>0</difficult>
		<bndbox>
			<xmin>457</xmin>
			<ymin>372</ymin>
			<xmax>478</xmax>
			<ymax>401</ymax>
		</bndbox>
	</object>
	<object>
		<name>fry</name>
		<pose>Unspecified</pose>
		<truncated>1</truncated>
		<difficult>0</difficult>
		<bndbox>
			<xmin>458</xmin>
			<ymin>406</ymin>
			<xmax>480</xmax>
			<ymax>429</ymax>
		</bndbox>
	</object>
	<object>
		<name>fry</name>
		<pose>Unspecified</pose>
		<truncated>0</truncated>
		<difficult>0</difficult>
		<bndbox>
			<xmin>226</xmin>
			<ymin>355</ymin>
			<xmax>269</xmax>
			<ymax>372</ymax>
		</bndbox>
	</object>
	<object>
		<name>fry</name>
		<pose>Unspecified</pose>
		<truncated>0</truncated>
		<difficult>0</difficult>
		<bndbox>
			<xmin>243</xmin>
			<ymin>384</ymin>
			<xmax>301</xmax>
			<ymax>403</ymax>
		</bndbox>
	</object>
	<object>
		<name>fry</name>
		<pose>Unspecified</pose>
		<truncated>0</truncated>
		<difficult>0</difficult>
		<bndbox>
			<xmin>127</xmin>
			<ymin>314</ymin>
			<xmax>147</xmax>
			<ymax>375</ymax>
		</bndbox>
	</object>
	<object>
		<name>fry</name>
		<pose>Unspecified</pose>
		<truncated>0</truncated>
		<difficult>0</difficult>
		<bndbox>
			<xmin>170</xmin>
			<ymin>300</ymin>
			<xmax>215</xmax>
			<ymax>329</ymax>
		</bndbox>
	</object>
	<object>
		<name>fry</name>
		<pose>Unspecified</pose>
		<truncated>0</truncated>
		<difficult>0</difficult>
		<bndbox>
			<xmin>52</xmin>
			<ymin>297</ymin>
			<xmax>78</xmax>
			<ymax>340</ymax>
		</bndbox>
	</object>
	<object>
		<name>fry</name>
		<pose>Unspecified</pose>
		<truncated>0</truncated>
		<difficult>0</difficult>
		<bndbox>
			<xmin>91</xmin>
			<ymin>309</ymin>
			<xmax>127</xmax>
			<ymax>335</ymax>
		</bndbox>
	</object>
	<object>
		<name>fry</name>
		<pose>Unspecified</pose>
		<truncated>0</truncated>
		<difficult>0</difficult>
		<bndbox>
			<xmin>89</xmin>
			<ymin>333</ymin>
			<xmax>118</xmax>
			<ymax>347</ymax>
		</bndbox>
	</object>
	<object>
		<name>fry</name>
		<pose>Unspecified</pose>
		<truncated>0</truncated>
		<difficult>0</difficult>
		<bndbox>
			<xmin>30</xmin>
			<ymin>394</ymin>
			<xmax>59</xmax>
			<ymax>427</ymax>
		</bndbox>
	</object>
	<object>
		<name>fry</name>
		<pose>Unspecified</pose>
		<truncated>0</truncated>
		<difficult>0</difficult>
		<bndbox>
			<xmin>65</xmin>
			<ymin>390</ymin>
			<xmax>89</xmax>
			<ymax>418</ymax>
		</bndbox>
	</object>
	<object>
		<name>fry</name>
		<pose>Unspecified</pose>
		<truncated>0</truncated>
		<difficult>0</difficult>
		<bndbox>
			<xmin>321</xmin>
			<ymin>412</ymin>
			<xmax>390</xmax>
			<ymax>434</ymax>
		</bndbox>
	</object>
	<object>
		<name>fry</name>
		<pose>Unspecified</pose>
		<truncated>0</truncated>
		<difficult>0</difficult>
		<bndbox>
			<xmin>267</xmin>
			<ymin>419</ymin>
			<xmax>321</xmax>
			<ymax>435</ymax>
		</bndbox>
	</object>
	<object>
		<name>fry</name>
		<pose>Unspecified</pose>
		<truncated>0</truncated>
		<difficult>0</difficult>
		<bndbox>
			<xmin>144</xmin>
			<ymin>424</ymin>
			<xmax>183</xmax>
			<ymax>438</ymax>
		</bndbox>
	</object>
	<object>
		<name>fry</name>
		<pose>Unspecified</pose>
		<truncated>0</truncated>
		<difficult>0</difficult>
		<bndbox>
			<xmin>22</xmin>
			<ymin>309</ymin>
			<xmax>44</xmax>
			<ymax>351</ymax>
		</bndbox>
	</object>
	<object>
		<name>fry</name>
		<pose>Unspecified</pose>
		<truncated>0</truncated>
		<difficult>0</difficult>
		<bndbox>
			<xmin>160</xmin>
			<ymin>316</ymin>
			<xmax>187</xmax>
			<ymax>332</ymax>
		</bndbox>
	</object>
	<object>
		<name>fry</name>
		<pose>Unspecified</pose>
		<truncated>0</truncated>
		<difficult>0</difficult>
		<bndbox>
			<xmin>161</xmin>
			<ymin>366</ymin>
			<xmax>207</xmax>
			<ymax>406</ymax>
		</bndbox>
	</object>
	<object>
		<name>fry</name>
		<pose>Unspecified</pose>
		<truncated>0</truncated>
		<difficult>0</difficult>
		<bndbox>
			<xmin>284</xmin>
			<ymin>363</ymin>
			<xmax>315</xmax>
			<ymax>383</ymax>
		</bndbox>
	</object>
	<object>
		<name>fry</name>
		<pose>Unspecified</pose>
		<truncated>0</truncated>
		<difficult>0</difficult>
		<bndbox>
			<xmin>302</xmin>
			<ymin>354</ymin>
			<xmax>325</xmax>
			<ymax>378</ymax>
		</bndbox>
	</object>
	<object>
		<name>fry</name>
		<pose>Unspecified</pose>
		<truncated>0</truncated>
		<difficult>0</difficult>
		<bndbox>
			<xmin>213</xmin>
			<ymin>306</ymin>
			<xmax>236</xmax>
			<ymax>344</ymax>
		</bndbox>
	</object>
	<object>
		<name>fry</name>
		<pose>Unspecified</pose>
		<truncated>0</truncated>
		<difficult>0</difficult>
		<bndbox>
			<xmin>205</xmin>
			<ymin>284</ymin>
			<xmax>238</xmax>
			<ymax>307</ymax>
		</bndbox>
	</object>
	<object>
		<name>fry</name>
		<pose>Unspecified</pose>
		<truncated>0</truncated>
		<difficult>0</difficult>
		<bndbox>
			<xmin>117</xmin>
			<ymin>227</ymin>
			<xmax>146</xmax>
			<ymax>268</ymax>
		</bndbox>
	</object>
	<object>
		<name>fry</name>
		<pose>Unspecified</pose>
		<truncated>0</truncated>
		<difficult>0</difficult>
		<bndbox>
			<xmin>175</xmin>
			<ymin>343</ymin>
			<xmax>243</xmax>
			<ymax>361</ymax>
		</bndbox>
	</object>
	<object>
		<name>fry</name>
		<pose>Unspecified</pose>
		<truncated>0</truncated>
		<difficult>0</difficult>
		<bndbox>
			<xmin>161</xmin>
			<ymin>230</ymin>
			<xmax>178</xmax>
			<ymax>252</ymax>
		</bndbox>
	</object>
	<object>
		<name>fry</name>
		<pose>Unspecified</pose>
		<truncated>0</truncated>
		<difficult>0</difficult>
		<bndbox>
			<xmin>172</xmin>
			<ymin>234</ymin>
			<xmax>201</xmax>
			<ymax>259</ymax>
		</bndbox>
	</object>
</annotation>
