<annotation>
	<folder>fish</folder>
	<filename>fish_64.jpg</filename>
	<path>D:\ddesktop\pactera\my_projects\table_OBJ\fish_data\fish\fish_64.jpg</path>
	<source>
		<database>Unknown</database>
	</source>
	<size>
		<width>600</width>
		<height>600</height>
		<depth>3</depth>
	</size>
	<segmented>0</segmented>
	<object>
		<name>fry</name>
		<pose>Unspecified</pose>
		<truncated>0</truncated>
		<difficult>0</difficult>
		<bndbox>
			<xmin>308</xmin>
			<ymin>20</ymin>
			<xmax>469</xmax>
			<ymax>108</ymax>
		</bndbox>
	</object>
	<object>
		<name>fry</name>
		<pose>Unspecified</pose>
		<truncated>0</truncated>
		<difficult>0</difficult>
		<bndbox>
			<xmin>133</xmin>
			<ymin>76</ymin>
			<xmax>323</xmax>
			<ymax>119</ymax>
		</bndbox>
	</object>
	<object>
		<name>fry</name>
		<pose>Unspecified</pose>
		<truncated>0</truncated>
		<difficult>0</difficult>
		<bndbox>
			<xmin>144</xmin>
			<ymin>109</ymin>
			<xmax>317</xmax>
			<ymax>163</ymax>
		</bndbox>
	</object>
	<object>
		<name>fry</name>
		<pose>Unspecified</pose>
		<truncated>0</truncated>
		<difficult>0</difficult>
		<bndbox>
			<xmin>51</xmin>
			<ymin>184</ymin>
			<xmax>163</xmax>
			<ymax>330</ymax>
		</bndbox>
	</object>
	<object>
		<name>fry</name>
		<pose>Unspecified</pose>
		<truncated>0</truncated>
		<difficult>0</difficult>
		<bndbox>
			<xmin>199</xmin>
			<ymin>149</ymin>
			<xmax>260</xmax>
			<ymax>303</ymax>
		</bndbox>
	</object>
	<object>
		<name>fry</name>
		<pose>Unspecified</pose>
		<truncated>0</truncated>
		<difficult>0</difficult>
		<bndbox>
			<xmin>343</xmin>
			<ymin>138</ymin>
			<xmax>511</xmax>
			<ymax>204</ymax>
		</bndbox>
	</object>
	<object>
		<name>fry</name>
		<pose>Unspecified</pose>
		<truncated>0</truncated>
		<difficult>0</difficult>
		<bndbox>
			<xmin>248</xmin>
			<ymin>274</ymin>
			<xmax>310</xmax>
			<ymax>467</ymax>
		</bndbox>
	</object>
	<object>
		<name>fry</name>
		<pose>Unspecified</pose>
		<truncated>0</truncated>
		<difficult>0</difficult>
		<bndbox>
			<xmin>306</xmin>
			<ymin>186</ymin>
			<xmax>443</xmax>
			<ymax>241</ymax>
		</bndbox>
	</object>
	<object>
		<name>fry</name>
		<pose>Unspecified</pose>
		<truncated>0</truncated>
		<difficult>0</difficult>
		<bndbox>
			<xmin>339</xmin>
			<ymin>229</ymin>
			<xmax>501</xmax>
			<ymax>283</ymax>
		</bndbox>
	</object>
	<object>
		<name>fry</name>
		<pose>Unspecified</pose>
		<truncated>0</truncated>
		<difficult>0</difficult>
		<bndbox>
			<xmin>81</xmin>
			<ymin>349</ymin>
			<xmax>214</xmax>
			<ymax>420</ymax>
		</bndbox>
	</object>
	<object>
		<name>fry</name>
		<pose>Unspecified</pose>
		<truncated>0</truncated>
		<difficult>0</difficult>
		<bndbox>
			<xmin>107</xmin>
			<ymin>408</ymin>
			<xmax>257</xmax>
			<ymax>491</ymax>
		</bndbox>
	</object>
	<object>
		<name>fry</name>
		<pose>Unspecified</pose>
		<truncated>0</truncated>
		<difficult>0</difficult>
		<bndbox>
			<xmin>303</xmin>
			<ymin>311</ymin>
			<xmax>378</xmax>
			<ymax>445</ymax>
		</bndbox>
	</object>
</annotation>
