<annotation>
	<folder>fish</folder>
	<filename>fish_36.jpg</filename>
	<path>D:\ddesktop\pactera\my_projects\table_OBJ\fish_data\fish\fish_36.jpg</path>
	<source>
		<database>Unknown</database>
	</source>
	<size>
		<width>800</width>
		<height>800</height>
		<depth>3</depth>
	</size>
	<segmented>0</segmented>
	<object>
		<name>fry</name>
		<pose>Unspecified</pose>
		<truncated>0</truncated>
		<difficult>0</difficult>
		<bndbox>
			<xmin>33</xmin>
			<ymin>78</ymin>
			<xmax>150</xmax>
			<ymax>378</ymax>
		</bndbox>
	</object>
	<object>
		<name>fry</name>
		<pose>Unspecified</pose>
		<truncated>0</truncated>
		<difficult>0</difficult>
		<bndbox>
			<xmin>280</xmin>
			<ymin>38</ymin>
			<xmax>506</xmax>
			<ymax>242</ymax>
		</bndbox>
	</object>
	<object>
		<name>fry</name>
		<pose>Unspecified</pose>
		<truncated>0</truncated>
		<difficult>0</difficult>
		<bndbox>
			<xmin>182</xmin>
			<ymin>278</ymin>
			<xmax>392</xmax>
			<ymax>522</ymax>
		</bndbox>
	</object>
	<object>
		<name>fry</name>
		<pose>Unspecified</pose>
		<truncated>0</truncated>
		<difficult>0</difficult>
		<bndbox>
			<xmin>389</xmin>
			<ymin>339</ymin>
			<xmax>511</xmax>
			<ymax>544</ymax>
		</bndbox>
	</object>
	<object>
		<name>fry</name>
		<pose>Unspecified</pose>
		<truncated>0</truncated>
		<difficult>0</difficult>
		<bndbox>
			<xmin>277</xmin>
			<ymin>522</ymin>
			<xmax>556</xmax>
			<ymax>698</ymax>
		</bndbox>
	</object>
	<object>
		<name>fry</name>
		<pose>Unspecified</pose>
		<truncated>0</truncated>
		<difficult>0</difficult>
		<bndbox>
			<xmin>192</xmin>
			<ymin>574</ymin>
			<xmax>427</xmax>
			<ymax>774</ymax>
		</bndbox>
	</object>
	<object>
		<name>fry</name>
		<pose>Unspecified</pose>
		<truncated>0</truncated>
		<difficult>0</difficult>
		<bndbox>
			<xmin>523</xmin>
			<ymin>211</ymin>
			<xmax>654</xmax>
			<ymax>648</ymax>
		</bndbox>
	</object>
	<object>
		<name>fry</name>
		<pose>Unspecified</pose>
		<truncated>0</truncated>
		<difficult>0</difficult>
		<bndbox>
			<xmin>656</xmin>
			<ymin>332</ymin>
			<xmax>733</xmax>
			<ymax>656</ymax>
		</bndbox>
	</object>
	<object>
		<name>fry</name>
		<pose>Unspecified</pose>
		<truncated>0</truncated>
		<difficult>0</difficult>
		<bndbox>
			<xmin>712</xmin>
			<ymin>328</ymin>
			<xmax>799</xmax>
			<ymax>626</ymax>
		</bndbox>
	</object>
	<object>
		<name>fry</name>
		<pose>Unspecified</pose>
		<truncated>1</truncated>
		<difficult>0</difficult>
		<bndbox>
			<xmin>671</xmin>
			<ymin>684</ymin>
			<xmax>796</xmax>
			<ymax>800</ymax>
		</bndbox>
	</object>
</annotation>
